transaction_id,amount,account_age,transaction_hour,device_changed,location_changed,transaction_velocity,avg_transaction_amount,merchant_risk,behavior_deviation,is_fraud,attack_type,amount_deviation
20001,973.82441089826,47,18,0,0,5,2457.3287276526007,0.24248616279295537,1.4581058054813363,1,stealth_velocity_attack,0.34606144581054293
20002,537.1121382031226,1455,0,0,0,5,2129.790968050058,0.5516830022476782,0.8812379369053783,1,stealth_velocity_attack,0.9844779277738194
20003,4778.839875249651,1061,5,0,0,5,550.5519146741964,0.5489333150534115,1.175536115512906,1,stealth_velocity_attack,1.0100914878762184
20004,3628.545534223234,666,10,0,0,5,1789.048038223872,0.6437420618766099,1.042646947943756,1,stealth_velocity_attack,1.7995998192756535
20005,2554.295368859036,1580,16,0,0,5,2442.442088168424,0.3426683899890959,1.311312549243096,1,stealth_velocity_attack,1.06946549337367
20006,4189.401772252575,1409,15,0,0,5,2373.044085883512,0.386881343819102,0.7022884733447542,1,stealth_velocity_attack,0.6799008451768968
20007,2591.996386707044,1205,11,0,0,5,2618.265606288532,0.6298023432268156,0.9859389450298893,1,stealth_velocity_attack,1.3845752321371994
20008,347.48660707818243,547,18,0,0,5,712.1642534134219,0.5984800026560763,1.4277559085311267,1,stealth_velocity_attack,1.8900318410396832
20009,2475.01180693723,1206,9,0,0,5,2284.201094111797,0.3472353320845656,1.0648647883666023,1,stealth_velocity_attack,1.4557639719340003
20010,795.6627498288701,1113,18,0,0,5,2919.8784869087813,0.6361463066828867,1.485442167326663,1,stealth_velocity_attack,0.2908004969308352
20011,3016.625690325068,1398,20,0,0,5,2968.9474719664518,0.6053087334557548,1.3938855923681746,1,stealth_velocity_attack,0.665051887240875
20012,2808.0451121060664,1998,18,0,0,5,385.1189109264125,0.6724787874146009,1.4888220091216746,1,stealth_velocity_attack,0.7283426884595194
20013,4680.627998174626,997,12,0,0,5,1482.6849440263732,0.3436906550345934,1.4386133653331374,1,stealth_velocity_attack,0.3251512476254801
20014,1504.0521354285936,1330,5,0,0,5,2610.668713890372,0.4291545011975586,0.9429546511693023,1,stealth_velocity_attack,0.7590376557452585
20015,1190.9812526112482,726,23,0,0,5,1549.2392991358777,0.4550452121049385,1.3768827922540443,1,stealth_velocity_attack,0.9981336126161913
20016,534.98900808554,189,11,0,0,5,1047.8387183835894,0.40632507294279596,0.7969775747491155,1,stealth_velocity_attack,1.1284262412892405
20017,3624.832749608877,935,6,0,0,5,2594.5821386079606,0.33652996848171823,1.3284610283958642,1,stealth_velocity_attack,0.5394487075386407
20018,4693.996653295959,1855,10,0,0,5,1321.9069788106558,0.2126910146603625,0.9004040438168017,1,stealth_velocity_attack,1.5306248682589212
20019,369.9975222782724,263,17,0,0,5,1093.7585114650697,0.40082580954394076,0.7768237681231034,1,stealth_velocity_attack,1.9985054711257775
20020,4705.629427139973,907,6,0,0,5,2375.2996281990468,0.5576965705649963,1.454792829599626,1,stealth_velocity_attack,1.9733506916589563
20021,4945.490989473962,626,8,0,0,5,455.6489272732701,0.36896597930442665,1.360840117757862,1,stealth_velocity_attack,0.8443305128646987
20022,636.4635937380705,279,11,0,0,5,409.5478666129134,0.3939417097824015,1.1146601069964146,1,stealth_velocity_attack,1.1038071158920346
20023,2166.3918258769904,521,3,0,0,5,2885.200768698636,0.2607117257702857,1.398800335838565,1,stealth_velocity_attack,0.385467850333323
20024,1969.9208456347612,1164,12,0,0,5,165.78273117924834,0.3684925890020546,1.1627005520842937,1,stealth_velocity_attack,1.593286345466558
20025,4637.691843109501,1788,2,0,0,5,2113.0232538510672,0.5830654177909701,1.06006760339579,1,stealth_velocity_attack,0.21264749722766077
20026,2262.0253785494124,1746,8,0,0,5,1943.0778940902617,0.4027156860475025,1.2441255836699625,1,stealth_velocity_attack,1.5286147454227985
20027,4351.740279804271,1586,12,0,0,5,294.8280691713768,0.258504123316139,1.035540497053164,1,stealth_velocity_attack,1.2606024497821362
20028,2055.27305644793,1126,9,0,0,5,659.3394906438868,0.37801093469013625,1.212314771528955,1,stealth_velocity_attack,1.1535473338234614
20029,1991.6495846939956,1768,17,0,0,5,1930.1718644666196,0.5874567623148301,1.1869250335390613,1,stealth_velocity_attack,1.7996782986206468
20030,2004.518719478462,861,14,0,0,5,2320.6698139104537,0.6353894997098508,0.7843472858257501,1,stealth_velocity_attack,1.8037161577253589
20031,1446.98872545973,891,20,0,0,5,1207.3711787401144,0.6228568321889485,1.4728356712288244,1,stealth_velocity_attack,0.2006778933050526
20032,3872.870729212345,1356,22,0,0,5,2911.747476042104,0.29550560103170487,1.3069603301483743,1,stealth_velocity_attack,0.9831287886333226
20033,3255.13084235154,940,19,0,0,5,468.11134454146105,0.6543010627541548,1.243713467380986,1,stealth_velocity_attack,1.4246188913045432
20034,2697.256462140666,1685,7,0,0,5,1075.2636566155293,0.48849487355349286,0.963478483048433,1,stealth_velocity_attack,0.9001968492174037
20035,2555.486534044206,1854,23,0,0,5,2793.148676062062,0.5018187818347193,0.7211639064707812,1,stealth_velocity_attack,0.35830826128251236
20036,2148.0507635739827,1115,0,0,0,5,232.325879960874,0.6873050189976835,1.342928308836619,1,stealth_velocity_attack,1.7717774750075785
20037,451.70145050991385,1083,17,0,0,5,2727.908720996748,0.34277433353222464,1.478263351758936,1,stealth_velocity_attack,1.3689654116114636
20038,3869.193424406855,1695,23,0,0,5,1772.289779725896,0.33498575442962764,0.9263504918321092,1,stealth_velocity_attack,1.4251974057677674
20039,524.862181218637,278,15,0,0,5,898.4755229974861,0.211040297256947,1.2192597383848947,1,stealth_velocity_attack,0.3243237565586321
20040,905.5241532092292,1343,22,0,0,5,1681.4890364104203,0.3842397531278011,0.9124600798030686,1,stealth_velocity_attack,0.5508346251430831
20041,4324.008989847636,826,9,0,0,5,2900.6865262740635,0.3688350432464331,0.8501513135938302,1,stealth_velocity_attack,1.754920319862267
20042,853.3716293042986,1187,0,0,0,5,1307.953822998708,0.5285215490242303,1.0352382987858888,1,stealth_velocity_attack,1.5384692695261704
20043,853.0861099366023,408,14,0,0,5,162.80526286256105,0.28033704593051134,1.2327991207660176,1,stealth_velocity_attack,1.8747790994859521
20044,3327.716429762409,1697,2,0,0,5,2333.09973783441,0.48460652977704904,1.1139294401821405,1,stealth_velocity_attack,1.354911666048575
20045,1293.0632532238665,1074,20,0,0,5,573.9555461493395,0.339775844483278,1.3835940151150412,1,stealth_velocity_attack,0.4208124897539188
20046,4996.816472313781,172,13,0,0,5,2956.467236509673,0.6034612534152322,0.8368090468092289,1,stealth_velocity_attack,1.5206544749045783
20047,730.8967431034719,323,10,0,0,5,1760.8391517306052,0.6789273229277861,1.482526812506238,1,stealth_velocity_attack,0.6552357054373261
20048,4581.463732586563,513,12,0,0,5,2795.388367992421,0.3876782564401151,0.9410109789446449,1,stealth_velocity_attack,0.9507288349504848
20049,791.8754113322061,724,18,0,0,5,2920.720995301791,0.4731713651197686,0.8859592751864728,1,stealth_velocity_attack,1.1288330357744951
20050,1038.8054341006464,85,15,0,0,5,911.7809262845576,0.4188276141109548,1.3333309568413616,1,stealth_velocity_attack,1.396452930995343
20051,4636.3638925233845,1269,20,0,0,5,1522.0878763554622,0.5143642944954143,1.4071758409465749,1,stealth_velocity_attack,1.3766851070516897
20052,297.6358754784147,1518,16,0,0,5,1776.4244953144744,0.2879613498635258,1.4898388272503582,1,stealth_velocity_attack,0.22972339053299484
20053,3342.421544955388,1839,16,0,0,5,1038.280173135914,0.46516686776130145,0.712850888382554,1,stealth_velocity_attack,1.6080380878813876
20054,1021.7936826464304,776,14,0,0,5,2942.239624462933,0.27973043421188465,0.8635998803129534,1,stealth_velocity_attack,1.0294945965817257
20055,3417.661192026395,1330,21,0,0,5,1720.4672885407242,0.23209340668546563,1.2164470936098009,1,stealth_velocity_attack,1.6847418735641284
20056,658.3318202782633,1372,11,0,0,5,1000.4254904216896,0.662064566880007,1.1085376157110594,1,stealth_velocity_attack,1.289904705878564
20057,4837.641196437628,404,7,0,0,5,390.590806367712,0.6115444632518662,0.8682630002841667,1,stealth_velocity_attack,0.262395052089301
20058,2789.7693700467544,1491,12,0,0,5,1829.779030127072,0.453216985821914,0.947147259784767,1,stealth_velocity_attack,0.3091661951776892
20059,215.61532676309272,292,0,0,0,5,979.498882986668,0.41898525313621704,0.7140857951221119,1,stealth_velocity_attack,1.6024797701009947
20060,3411.5323330099604,1459,20,0,0,5,1034.556486508512,0.4348853110372548,1.2159084366166688,1,stealth_velocity_attack,0.8621458606312167
20061,4936.790421028171,1726,7,0,0,5,2247.865017024093,0.5377467405913728,1.1229333299236894,1,stealth_velocity_attack,1.0011042268724286
20062,2623.1734145749715,760,7,0,0,5,2218.9505819627198,0.43019489376766484,1.1890979223608646,1,stealth_velocity_attack,0.5200264637371728
20063,4729.352076423897,1900,19,0,0,5,154.9675624020992,0.2772932006171698,0.9393003863346311,1,stealth_velocity_attack,0.4388417110518022
20064,3072.903727275994,120,20,0,0,5,2969.3542159561684,0.44469927713359403,1.4118685235797233,1,stealth_velocity_attack,0.6989213491548626
20065,799.6496196726349,681,23,0,0,5,646.4421606737784,0.5230782796744428,1.2757032450637036,1,stealth_velocity_attack,1.1586853982997478
20066,4738.868783666052,1654,3,0,0,5,1554.5208945035586,0.6954593823015346,1.462329312414032,1,stealth_velocity_attack,0.2380285027162062
20067,1239.2793618183728,1450,8,0,0,5,318.38945141763304,0.6476820791667018,1.0176856354643278,1,stealth_velocity_attack,1.8675521893666862
20068,1865.1462021220968,819,17,0,0,5,2787.670317744299,0.3692673396843731,1.4909182439953703,1,stealth_velocity_attack,1.1726448055511731
20069,834.327714544103,1731,19,0,0,5,2151.960968523021,0.621183113263104,1.0619907906014106,1,stealth_velocity_attack,0.4087971976480551
20070,1113.6721895692103,1304,1,0,0,5,610.011180084018,0.6711312394601836,1.2824583256933935,1,stealth_velocity_attack,0.28358822000001865
20071,842.0830574832509,168,6,0,0,5,145.1531095182395,0.4596509497741328,0.9753011147088747,1,stealth_velocity_attack,0.6412741280984766
20072,3029.709896174317,1652,7,0,0,5,1544.0972001613793,0.2317320876475895,1.4329248143916975,1,stealth_velocity_attack,1.5776447544479468
20073,2788.795567896272,587,15,0,0,5,811.6642087665061,0.4859108314448279,0.7515331241077285,1,stealth_velocity_attack,0.36478567190287176
20074,2031.009877699156,1545,10,0,0,5,1069.9960515248208,0.6007614533030284,0.7074352988437438,1,stealth_velocity_attack,1.2689350873998992
20075,4522.509242729877,1475,6,0,0,5,1022.7734103449526,0.6422078930871914,1.0818101042621064,1,stealth_velocity_attack,1.5982963075817864
20076,1703.383797491124,147,8,0,0,5,675.9960741353409,0.5824955056165635,1.0762078598946505,1,stealth_velocity_attack,0.4113723396577444
20077,1765.862132586916,298,18,0,0,5,1138.39080938027,0.5977677538054846,0.7253105861756363,1,stealth_velocity_attack,1.894048369740159
20078,3577.3895831721698,995,14,0,0,5,510.30534942251927,0.6208373771554694,1.4304783609533835,1,stealth_velocity_attack,1.0020216028121691
20079,4658.952258829695,1948,1,0,0,5,1085.5624928337952,0.460964384592019,1.4442110649515145,1,stealth_velocity_attack,1.457393960350058
20080,4465.192121417419,1067,11,0,0,5,1172.7671373350563,0.39232865126231053,1.111442365013825,1,stealth_velocity_attack,1.313808492681017
20081,3012.934042412248,1583,18,0,0,5,2549.636407230952,0.28613359246249215,1.134660107809554,1,stealth_velocity_attack,0.8640733811814312
20082,1597.4606559020528,1814,2,0,0,5,452.5590767978753,0.4412059648557888,1.1426017420884786,1,stealth_velocity_attack,1.6524688191136576
20083,562.7705077040491,210,15,0,0,5,2710.4379031594103,0.5887906504425658,1.3757088872708993,1,stealth_velocity_attack,1.253930997007992
20084,473.5721680704659,1442,16,0,0,5,325.1313419200404,0.5249489369585827,1.4338420139420536,1,stealth_velocity_attack,1.644286010193709
20085,2003.934696224694,1257,16,0,0,5,1832.175939711972,0.4587034653195904,0.8957542387563119,1,stealth_velocity_attack,1.488939858751918
20086,4536.371684454392,91,19,0,0,5,191.0546902170768,0.42231457216341994,1.4254007938653266,1,stealth_velocity_attack,0.2293446115855468
20087,346.19074813261244,1328,2,0,0,5,1804.148694286436,0.2017696177756102,1.2512056520841754,1,stealth_velocity_attack,0.8461324073268839
20088,3075.889642286023,1452,1,0,0,5,104.0490049416942,0.42439062205476674,1.278461173698401,1,stealth_velocity_attack,1.6039232865653856
20089,4034.75821947897,1018,13,0,0,5,268.63374107227594,0.3834713366964386,0.9372750984525542,1,stealth_velocity_attack,1.5862456005589365
20090,4384.105937271695,1917,14,0,0,5,290.5938871182518,0.29836550013949986,1.1229115192141534,1,stealth_velocity_attack,1.8599946939585044
20091,1419.2918316519667,140,12,0,0,5,1178.3264630863164,0.4965415813634877,0.8383629374041551,1,stealth_velocity_attack,0.8070568064511585
20092,1070.6784005227266,1435,11,0,0,5,1976.919567826107,0.4798352566512294,1.0110163110109414,1,stealth_velocity_attack,1.626330470352258
20093,2695.3326473335374,1629,22,0,0,5,2951.659028214279,0.20089426869369253,0.7043957283071794,1,stealth_velocity_attack,1.0528557368494773
20094,2642.306479917753,762,1,0,0,5,2204.2634271883708,0.347669805349727,0.8270751158173973,1,stealth_velocity_attack,0.4744577214337754
20095,1134.9204670809631,1615,11,0,0,5,2597.282436385556,0.5978429510613199,1.313042488607907,1,stealth_velocity_attack,0.5985186283245869
20096,4554.006370382835,1710,9,0,0,5,346.0629273640766,0.38786839992884015,1.1131213714559633,1,stealth_velocity_attack,0.9163268336010202
20097,1917.6109399730492,257,6,0,0,5,1762.5205543774705,0.3742283235056799,1.2429103504920405,1,stealth_velocity_attack,1.9162650121491833
20098,2103.8694276299225,1813,13,0,0,5,765.4527788045654,0.3508310766509265,0.754814877030206,1,stealth_velocity_attack,1.023200368416836
20099,2047.691162870876,1952,1,0,0,5,2694.177760054325,0.20978900554295854,1.3950365108386564,1,stealth_velocity_attack,0.5437736805004985
20100,1379.1377785507557,1933,20,0,0,5,2360.31653320421,0.23405202795495905,1.011131218759662,1,stealth_velocity_attack,0.902214583341048
20101,943.751910386196,1538,5,0,0,5,2923.24268448932,0.47285100869301927,0.7448817802247136,1,stealth_velocity_attack,0.31079698874182127
20102,2859.505503424379,1647,15,0,0,5,1042.9138524946736,0.49613809706031886,1.0844402895739171,1,stealth_velocity_attack,1.1312257479599015
20103,3736.784944693549,1634,16,0,0,5,654.9600357396786,0.2658846949925889,1.3554007822713077,1,stealth_velocity_attack,1.0061395092075813
20104,1502.7713243485105,404,5,0,0,5,1445.5873578693715,0.336188593360532,1.1094970735901841,1,stealth_velocity_attack,0.7442944221726446
20105,2638.25111374288,1284,13,0,0,5,2539.7614637824017,0.6374802654835242,0.7210621521095473,1,stealth_velocity_attack,1.308372596983383
20106,2185.223800713916,816,17,0,0,5,1667.772623939538,0.30178673962511904,1.371241209335352,1,stealth_velocity_attack,1.7617887003864143
20107,1702.4624916598696,734,21,0,0,5,1730.098695095431,0.2367968010974364,0.8214221095912662,1,stealth_velocity_attack,1.7634934024517586
20108,537.1886234804691,385,4,0,0,5,2805.292511499808,0.3480646833564637,1.4658779873339165,1,stealth_velocity_attack,1.2389165613525224
20109,4540.101948352255,1675,8,0,0,5,501.4304126493032,0.29917523002357943,0.7231950214321494,1,stealth_velocity_attack,1.3580437211654626
20110,1098.215227060566,865,8,0,0,5,1961.1832591660543,0.6251823009469311,0.8752613235644942,1,stealth_velocity_attack,0.4702102768560176
20111,2638.585954570196,222,19,0,0,5,2613.080791008742,0.3415020037065657,1.436940366962245,1,stealth_velocity_attack,0.38892672889916435
20112,1050.5703854946464,783,13,0,0,5,1401.7245565527774,0.521875480442223,0.9583553365234883,1,stealth_velocity_attack,0.5776125360022434
20113,2897.1798251671325,1385,16,0,0,5,1896.2438996441333,0.42209882152061595,1.4992498011311106,1,stealth_velocity_attack,0.7930148932802075
20114,376.03306121627503,1143,6,0,0,5,2905.566287889545,0.37012528563596625,1.1448781577914147,1,stealth_velocity_attack,0.3286344531338147
20115,1778.1285740128906,939,10,0,0,5,2395.162894540006,0.42016186824540924,1.1971017748091897,1,stealth_velocity_attack,1.121817426253133
20116,4892.167776317349,1522,15,0,0,5,2483.6047700428608,0.3074288257216227,0.9762557437522195,1,stealth_velocity_attack,0.7365898179870283
20117,2591.547273009328,792,3,0,0,5,2449.082215916412,0.5371150724916567,1.4095527154119527,1,stealth_velocity_attack,0.6537777671697573
20118,4027.531848226649,1564,11,0,0,5,2832.521733859453,0.43790428348147403,0.7905699471666349,1,stealth_velocity_attack,0.29518845456377935
20119,2267.2396467105627,1282,5,0,0,5,1635.6386087052338,0.28396470061468776,0.834780959075939,1,stealth_velocity_attack,1.2605685176205195
20120,1711.2308274581858,209,19,0,0,5,1764.7586169233691,0.5711278597546228,1.2645652520500743,1,stealth_velocity_attack,0.9646389964726751
20121,4850.9646760463365,540,19,0,0,5,810.544994693673,0.6373323652213163,1.4519683549216489,1,stealth_velocity_attack,1.5295265965022142
20122,506.8899132699136,540,17,0,0,5,1678.6049094370728,0.544325916296563,1.3912158593358808,1,stealth_velocity_attack,1.0132683246134486
20123,4725.890764464405,1243,8,0,0,5,1037.5576563878733,0.6544210590349467,1.4024565078590154,1,stealth_velocity_attack,0.5871981267045393
20124,4020.3477466258814,279,18,0,0,5,1752.4347463652664,0.39364925411860796,0.8343553937901708,1,stealth_velocity_attack,0.3667967264693395
20125,4178.968939922066,1382,12,0,0,5,565.6898355668654,0.6189751756419919,0.7793978571368301,1,stealth_velocity_attack,1.7103413958574505
20126,447.9375562129518,1838,3,0,0,5,2552.32753024948,0.2693715838585605,1.0268541880930175,1,stealth_velocity_attack,0.28491774659554936
20127,148.8492501991406,1402,15,0,0,5,1893.417924141182,0.6562019860206285,0.7002530150025523,1,stealth_velocity_attack,0.9941949949367961
20128,3058.597719452,142,14,0,0,5,2522.3308542393256,0.3223940287438464,0.8416053986963185,1,stealth_velocity_attack,1.7614717970978955
20129,2146.5682795032744,1758,10,0,0,5,1275.3101218207914,0.46793279156310913,1.0899963946972768,1,stealth_velocity_attack,1.0584016584962455
20130,1440.9652861151426,1364,3,0,0,5,1760.064093729099,0.5265726766581504,1.4135630252000793,1,stealth_velocity_attack,1.386807102288466
20131,2023.218426392756,1753,21,0,0,5,472.8228892250922,0.5464343863475658,1.1813712328192885,1,stealth_velocity_attack,1.7722248614054665
20132,3203.089063431678,1706,15,0,0,5,2956.946690897384,0.40672763524467426,1.0643429463802616,1,stealth_velocity_attack,1.504300501706652
20133,2452.8992247832502,1857,11,0,0,5,197.72700724749023,0.2636772343701916,1.4682375007266306,1,stealth_velocity_attack,0.22197550474491276
20134,2113.6185065155387,1677,12,0,0,5,2076.0145572063966,0.5601720203779137,1.0645362472129478,1,stealth_velocity_attack,0.3416694825360258
20135,3964.126335000201,198,2,0,0,5,2941.7591835313874,0.6306151833586061,1.0580689446492864,1,stealth_velocity_attack,0.6400041313455356
20136,1424.213691440838,404,5,0,0,5,893.6472735547698,0.5926575426298835,0.976853590409779,1,stealth_velocity_attack,1.0985065864703953
20137,4048.001175774268,1824,20,0,0,5,1587.0910131945757,0.41702620879330154,0.8293995085567444,1,stealth_velocity_attack,0.2388680619288387
20138,1234.756657316097,92,4,0,0,5,2018.0097732957777,0.5924991176519037,1.322181132785776,1,stealth_velocity_attack,0.23824448004807364
20139,4421.446015692755,1895,21,0,0,5,2330.0796313439632,0.526611543114013,0.9093780964136244,1,stealth_velocity_attack,0.26996754333487366
20140,2415.2174395319166,1108,21,0,0,5,421.68091985751903,0.2645896903703017,1.052976975441731,1,stealth_velocity_attack,1.5987529926094246
20141,4340.984916880503,1696,3,0,0,5,231.5184583009016,0.25978023587972654,1.4193155999222695,1,stealth_velocity_attack,0.9144912013691835
20142,2398.395667083653,917,22,0,0,5,2190.179397003472,0.6118762887059176,1.0467766129441778,1,stealth_velocity_attack,0.7389605416135934
20143,4418.12834024126,1007,4,0,0,5,1771.9123005142585,0.40394255251546307,1.4529737150042177,1,stealth_velocity_attack,1.9972084069978862
20144,2280.5915502542407,1748,0,0,0,5,2678.871495449493,0.4880089513291613,1.1344515063537426,1,stealth_velocity_attack,0.7148946193561863
20145,3789.632345892007,480,2,0,0,5,2933.7929480054154,0.46723168011822364,1.4459365724695148,1,stealth_velocity_attack,1.9831910884137145
20146,669.7410334351152,1413,14,0,0,5,524.8625603665881,0.5463341313304079,1.0676113469328627,1,stealth_velocity_attack,0.4946976401995268
20147,4281.095512979289,1271,16,0,0,5,2504.067086551025,0.5684298076357577,1.2978743280955425,1,stealth_velocity_attack,1.9491875068886768
20148,4559.961008309013,275,1,0,0,5,2658.357032922021,0.41124104032307496,0.7668328151841514,1,stealth_velocity_attack,1.6302730161814913
20149,1701.2940587031092,1404,21,0,0,5,2805.159873888564,0.40886406388456276,1.2167215462034515,1,stealth_velocity_attack,0.7798339996022798
20150,2245.108632258888,994,1,0,0,5,2930.214532823392,0.514250155564046,1.0962038069841435,1,stealth_velocity_attack,0.4936096715406246
20151,200.864022049432,1212,10,0,0,5,1220.254350830312,0.21555957301482204,1.162277954204821,1,stealth_velocity_attack,0.5134485029761167
20152,315.1097189507251,885,0,0,0,5,1551.2284913886729,0.5086268647747945,0.7043009198685218,1,stealth_velocity_attack,0.4606417420653011
20153,2671.306514997965,1633,18,0,0,5,1184.681745160902,0.3011892834370188,0.7758544826941964,1,stealth_velocity_attack,0.2240662816264138
20154,2321.1152902653357,1004,10,0,0,5,132.9724883315222,0.22326436052562626,1.213822464478497,1,stealth_velocity_attack,0.5322830664382021
20155,4889.537159600828,80,20,0,0,5,231.0602645920972,0.31633399859214895,0.7476473749459072,1,stealth_velocity_attack,0.3808579150629996
20156,3752.653423503217,326,9,0,0,5,1988.532516575518,0.6068009340884297,1.3353328748461617,1,stealth_velocity_attack,0.7493963589197099
20157,3376.890946804087,398,2,0,0,5,540.160118982298,0.6662032737611782,0.9612708791482838,1,stealth_velocity_attack,1.948200591431869
20158,2523.525558542418,978,23,0,0,5,2626.944789343736,0.2671678198001237,1.4634789637078407,1,stealth_velocity_attack,1.730985749117915
20159,1550.039110003413,253,2,0,0,5,878.5737561734798,0.5661398989552306,0.8940995745286306,1,stealth_velocity_attack,1.8872334169126295
20160,1976.9881514629171,845,4,0,0,5,423.0743282008247,0.632434852394285,1.2380895421736022,1,stealth_velocity_attack,0.9124308403168002
20161,4664.567594821949,1652,22,0,0,5,356.8673139236188,0.35864874337324404,0.9372851144968566,1,stealth_velocity_attack,1.935779750646353
20162,4836.294774094252,1850,20,0,0,5,518.9937643928725,0.43444619451361255,0.7443613295205826,1,stealth_velocity_attack,1.1225121973786751
20163,723.8282058589525,1361,13,0,0,5,1132.8312317566013,0.27470755402740554,0.8708436108152822,1,stealth_velocity_attack,0.8455136973969881
20164,1844.8739568994465,45,20,0,0,5,1443.4148253961143,0.6832287945549104,1.4453500569644235,1,stealth_velocity_attack,1.3018584492939285
20165,1754.314339877777,1556,20,0,0,5,1648.041099260688,0.6748650949503465,1.3280432367879473,1,stealth_velocity_attack,0.7763178914936337
20166,1359.7708380360475,746,22,0,0,5,626.8470897008275,0.4005524589490187,1.2234206812937323,1,stealth_velocity_attack,1.364855334112311
20167,4373.319712358247,775,3,0,0,5,537.2119567454941,0.2996931983379781,1.433505173043912,1,stealth_velocity_attack,1.3805231922254178
20168,2633.9462708521264,609,0,0,0,5,1372.3604610689206,0.668508510742035,1.3782844084553152,1,stealth_velocity_attack,0.36601165395570984
20169,1838.379329996323,335,21,0,0,5,2497.586223741873,0.5916608289569814,1.3987088892518509,1,stealth_velocity_attack,1.1165942864217009
20170,3061.46552350576,666,22,0,0,5,602.8611648594834,0.518079436742847,1.3039126748648413,1,stealth_velocity_attack,0.9076589009191705
20171,547.8182830257044,147,17,0,0,5,2991.116193621682,0.20471137079563462,1.2827558775892716,1,stealth_velocity_attack,0.762500340837694
20172,2770.908723013462,1379,23,0,0,5,122.04463942870036,0.461921967495919,0.8793385904667256,1,stealth_velocity_attack,1.874358319521064
20173,3651.8671825414144,1193,20,0,0,5,1199.1324103174966,0.38089525439720173,1.1266854585750847,1,stealth_velocity_attack,0.8385702533944799
20174,3515.377130876813,1724,2,0,0,5,1580.1643949186057,0.654821167985168,1.3036436321533675,1,stealth_velocity_attack,1.5554435918587437
20175,1939.1165488060487,910,4,0,0,5,910.7409772182888,0.5067114180064216,1.3784464716777298,1,stealth_velocity_attack,1.1575326942271293
20176,3953.090570636205,768,23,0,0,5,1246.7134880565593,0.2863763906393449,1.1073644497528967,1,stealth_velocity_attack,1.8195351486841365
20177,4203.098690873739,1146,21,0,0,5,828.4219218104289,0.27259653175934256,0.7842441891109684,1,stealth_velocity_attack,1.6677171940817088
20178,963.3525902048128,1420,22,0,0,5,2818.404157305603,0.25179944837397483,1.2246304429746466,1,stealth_velocity_attack,1.6702934008419295
20179,1062.7649967743014,749,1,0,0,5,2855.4556540897497,0.6870861091648439,0.7639618791576757,1,stealth_velocity_attack,1.431724188750921
20180,2532.925568929964,583,6,0,0,5,2428.164322070921,0.2829761206790924,0.9248428528703618,1,stealth_velocity_attack,0.6736371305023423
20181,3886.579956358888,1240,6,0,0,5,709.4637248883374,0.49171737415927724,1.2547708367935968,1,stealth_velocity_attack,0.5595292320808736
20182,4655.518496478608,1966,21,0,0,5,101.53274840731756,0.34891063074852413,0.9623650328121598,1,stealth_velocity_attack,1.6415614933413327
20183,321.24168562023056,1501,8,0,0,5,2187.174789553801,0.5748220913278606,0.8076853739089478,1,stealth_velocity_attack,1.3153018256203786
20184,4530.792127897069,1833,17,0,0,5,1358.0999045713545,0.5554902219239058,0.8780103119761029,1,stealth_velocity_attack,0.458525999122691
20185,3478.6810800546496,1946,4,0,0,5,550.7687273416119,0.42452653765352566,0.9793868929029701,1,stealth_velocity_attack,1.2975928283182656
20186,4252.983401968208,1539,14,0,0,5,1564.7156229302911,0.6522947086567406,0.7685215222029949,1,stealth_velocity_attack,0.7997829057211059
20187,972.376237661782,1988,17,0,0,5,1283.076756122369,0.3661303276231893,1.0781238891337586,1,stealth_velocity_attack,0.3125433040703208
20188,3513.589036996772,1593,7,0,0,5,1293.9536817335688,0.2205835455315474,0.803173395185599,1,stealth_velocity_attack,0.4475331281565447
20189,4121.1436457369455,572,9,0,0,5,2941.9628538691886,0.6331836442287766,1.0821331662150602,1,stealth_velocity_attack,1.0169037997550963
20190,1899.151690713332,1174,10,0,0,5,2647.74757996376,0.305774285744475,1.439442809996554,1,stealth_velocity_attack,1.9030438037218451
20191,3138.64972922753,744,7,0,0,5,2798.891793131609,0.39097220741941363,1.0332741966111398,1,stealth_velocity_attack,0.6275657315372859
20192,3212.2692454332814,723,14,0,0,5,134.92512256603294,0.6214702876341134,0.7534975760602565,1,stealth_velocity_attack,0.8484129353684593
20193,1348.1304522419896,1191,3,0,0,5,1301.5395246452365,0.3294299070889214,0.716409923206298,1,stealth_velocity_attack,0.4914695690031938
20194,1813.1105541578384,1621,10,0,0,5,921.7327500669156,0.4551345366411019,1.3746208325153537,1,stealth_velocity_attack,1.1789823145747556
20195,3805.2003115867055,621,18,0,0,5,626.03718713925,0.38831201298303986,1.4351060079186149,1,stealth_velocity_attack,1.5114694303673268
20196,198.3488691108592,1932,20,0,0,5,1421.4634780344445,0.27029625407425484,0.7453910809905633,1,stealth_velocity_attack,0.5566784451090356
20197,4404.800671115064,1267,1,0,0,5,456.51034751339154,0.2636055219886156,1.0567294448228024,1,stealth_velocity_attack,0.8923266309426199
20198,4868.409085991852,1996,16,0,0,5,935.3535349982436,0.5795796195380118,0.9671391418843471,1,stealth_velocity_attack,1.4611305580395668
20199,2408.745540952895,1565,0,0,0,5,933.9707557897324,0.5100760665674321,0.9376777676662273,1,stealth_velocity_attack,1.7397099468161537
20200,3835.197160405417,1891,20,0,0,5,2553.339214943989,0.5394274459654442,1.479216365161046,1,stealth_velocity_attack,0.24813606829797408
20201,1427.4551939096689,170,10,0,0,5,905.9259561875052,0.42765396493681396,0.9000716984313466,1,stealth_velocity_attack,1.7259657076288237
20202,1966.6640406150275,1277,2,0,0,5,1639.1192484825408,0.42646059046183593,1.3393438899422974,1,stealth_velocity_attack,0.6982749862928976
20203,2209.593758464817,658,10,0,0,5,1273.6864818676254,0.41818190348227935,1.0238838247045532,1,stealth_velocity_attack,1.4228277260840438
20204,2371.1208146228046,1585,11,0,0,5,438.3315822694075,0.44750156910944583,0.7450230720642396,1,stealth_velocity_attack,1.7050582995577728
20205,3762.4775923238,1854,22,0,0,5,1385.559114699153,0.5437998051106663,0.9365741493596547,1,stealth_velocity_attack,1.0972774383330122
20206,2323.848162653867,443,17,0,0,5,2504.6939788749046,0.3260140281867685,1.1225589997207184,1,stealth_velocity_attack,1.6264836351244372
20207,2914.9182545815684,1719,15,0,0,5,259.9198053762896,0.3141537514342982,0.8381936838158269,1,stealth_velocity_attack,1.4680883392188397
20208,3176.9978031802484,1974,20,0,0,5,2541.579367523862,0.3105175058251647,1.2259157455623015,1,stealth_velocity_attack,0.3495512344184408
20209,2093.849007542066,1157,14,0,0,5,851.9840867236619,0.4338645933104526,1.275009750741313,1,stealth_velocity_attack,0.8985380237172718
20210,149.64280173594256,741,11,0,0,5,1177.2560155424776,0.21730866737851823,0.763753018990001,1,stealth_velocity_attack,1.4610737604353596
20211,4168.077336378259,1492,22,0,0,5,2243.4488980289607,0.44455027998225993,0.8147246624787522,1,stealth_velocity_attack,1.2912444008535806
20212,2650.6648027938063,770,23,0,0,5,2551.436440855544,0.21259576546745623,0.9156363809377072,1,stealth_velocity_attack,1.3597317273868321
20213,1820.9749980090264,1653,16,0,0,5,197.99453400649185,0.4905125475767894,1.1296870603648588,1,stealth_velocity_attack,0.469320794016183
20214,2493.6286000335363,401,3,0,0,5,1356.2415922884572,0.5791059615458534,1.1540757846916136,1,stealth_velocity_attack,1.9506043025922735
20215,2872.6677455349086,129,8,0,0,5,1285.7502281454977,0.6191313733019238,0.7093499470297836,1,stealth_velocity_attack,0.2321066085763876
20216,718.0653528492493,406,10,0,0,5,1346.464470363794,0.42533576706956033,0.8859840149112527,1,stealth_velocity_attack,1.0411298918801137
20217,1886.375494847336,336,16,0,0,5,551.9898856089821,0.6801063132870345,0.9640675818016792,1,stealth_velocity_attack,0.542889696181732
20218,4722.219548183333,1993,9,0,0,5,2970.884239297584,0.5818969105266059,0.7392564104927937,1,stealth_velocity_attack,1.2362087284879326
20219,3096.324778324076,1463,3,0,0,5,584.375763685551,0.44967951512415627,1.3734273524179947,1,stealth_velocity_attack,1.075680176309047
20220,4105.503571606839,528,9,0,0,5,2586.395717395182,0.24300556880923324,1.3474570861441528,1,stealth_velocity_attack,0.9293207665231633
20221,4354.529274514967,1919,7,0,0,5,416.94139817031015,0.39887413128139426,1.2127468730064328,1,stealth_velocity_attack,1.5137368801437918
20222,4885.149014282231,1901,16,0,0,5,1412.222763435911,0.6104293676057517,1.2562755646759611,1,stealth_velocity_attack,1.9883021119002136
20223,2205.053442897879,1585,6,0,0,5,2240.8932025984386,0.6673523265018539,0.7182036911528842,1,stealth_velocity_attack,0.8350201917084501
20224,4191.241307902578,977,12,0,0,5,2345.955389173236,0.5728487856900513,0.7392861446101815,1,stealth_velocity_attack,1.3255679469190778
20225,868.8228583159885,890,9,0,0,5,247.52778346830243,0.20764710546364373,1.4380458639626297,1,stealth_velocity_attack,0.35095942070569885
20226,750.3071948109957,627,6,0,0,5,195.69060756606456,0.5431600497813709,0.8261340953236402,1,stealth_velocity_attack,1.4866779231590301
20227,2151.6062023056525,1368,2,0,0,5,1707.4961121046672,0.4118703211863186,0.9484835557987901,1,stealth_velocity_attack,0.6261364044332882
20228,483.8572670338327,1131,1,0,0,5,2131.008199573138,0.482768763053254,1.3856549846778103,1,stealth_velocity_attack,0.8580513895319679
20229,1553.4011625697565,1245,18,0,0,5,741.99236713098,0.2661964327019864,1.2303899637538631,1,stealth_velocity_attack,1.2211456375132248
20230,3771.910239560289,533,6,0,0,5,1863.7392822137092,0.4041870555880923,1.2587980284735198,1,stealth_velocity_attack,0.6973860480515006
20231,1557.9874114622207,920,21,0,0,5,2899.776643144088,0.3362341255856206,0.7855016969051503,1,stealth_velocity_attack,0.6090565928761833
20232,430.0179471969813,401,11,0,0,5,1792.1666972167834,0.49016263820871775,1.128851684878122,1,stealth_velocity_attack,1.4037021020040625
20233,2385.235513072288,477,19,0,0,5,2092.4360023684144,0.5945129153898034,1.3599417608363786,1,stealth_velocity_attack,1.613991444476958
20234,4300.431593111976,1600,1,0,0,5,1849.3770532726037,0.21921454878553942,1.3086624797430528,1,stealth_velocity_attack,1.6653889385702465
20235,3427.896584765858,1586,3,0,0,5,1603.6377671051548,0.3793051801802947,1.2981111807958587,1,stealth_velocity_attack,1.2356776758908272
20236,1574.3037181021714,784,18,0,0,5,888.1416331373629,0.542206696856272,1.4079731336891506,1,stealth_velocity_attack,0.2763341744129248
20237,1649.7237336736032,673,16,0,0,5,385.3173979020394,0.5783782611211514,1.2805947199021042,1,stealth_velocity_attack,0.6326173571544813
20238,4009.779382117881,1769,6,0,0,5,1169.3635038032594,0.515109275106237,0.7179337630774367,1,stealth_velocity_attack,1.1668905883642955
20239,2685.181069033612,1269,19,0,0,5,844.1291070608512,0.2461442128345207,0.9416429707318171,1,stealth_velocity_attack,0.6896179622886881
20240,299.5711313629537,466,2,0,0,5,1982.2817487022323,0.6289977494689418,1.4207529538751038,1,stealth_velocity_attack,1.9173591386610604
20241,1364.853820235525,929,13,0,0,5,430.0302315800897,0.5928248701307218,1.1022465105901984,1,stealth_velocity_attack,1.1673843124317598
20242,2430.709651532094,1172,12,0,0,5,2863.5454527200063,0.2774935488189943,1.3741433787929154,1,stealth_velocity_attack,0.49926503982746606
20243,518.4748477973361,762,9,0,0,5,593.6721404929036,0.36535566505493244,0.9117113606813962,1,stealth_velocity_attack,1.986891884765982
20244,725.1434836982625,598,18,0,0,5,2516.4138754901173,0.6299392069712528,1.1954834990728282,1,stealth_velocity_attack,0.2904449255793152
20245,2872.329618720882,1101,11,0,0,5,1400.4009910544644,0.2466224997527608,0.7689595701357,1,stealth_velocity_attack,1.2211470396184263
20246,768.5547875279923,151,14,0,0,5,1716.2705382900333,0.473395605463527,1.1125601390092168,1,stealth_velocity_attack,1.6150174037795195
20247,2649.129396605141,511,7,0,0,5,2748.274271607449,0.3950449937057944,1.0407731680715446,1,stealth_velocity_attack,0.34391759880329775
20248,2830.9521309077395,787,18,0,0,5,1832.3362607003824,0.32872988890710475,1.4480399707437708,1,stealth_velocity_attack,1.4522789854038698
20249,375.886050841003,954,11,0,0,5,549.2720509958981,0.4848938757915398,1.0322221882052591,1,stealth_velocity_attack,0.6894991189573342
20250,717.9396942252625,1612,12,0,0,5,2550.854206687609,0.6621031927778198,1.0242837540579688,1,stealth_velocity_attack,0.4114018970465093
20251,4234.271084280262,757,4,0,0,5,2533.500284656466,0.5168926475868401,1.111391204719431,1,stealth_velocity_attack,0.9141156742091385
20252,4249.747399701869,1383,16,0,0,5,2294.7275016719022,0.2463270291602,0.7399085008837767,1,stealth_velocity_attack,0.3469462427560921
20253,3690.344735525202,1742,4,0,0,5,2354.995962227704,0.4107126678858535,1.313115929929102,1,stealth_velocity_attack,0.58190301070898
20254,2857.174903374574,782,23,0,0,5,1298.333262370421,0.39979233946761505,1.164557544239072,1,stealth_velocity_attack,1.8949016964330996
20255,2682.6475987159456,157,22,0,0,5,444.2538890062257,0.6468739100595554,1.4983075730228492,1,stealth_velocity_attack,0.9008775093902077
20256,2189.3519483279506,551,21,0,0,5,1631.840522637787,0.4085385458977975,1.2080388635225816,1,stealth_velocity_attack,0.584532856591667
20257,3958.196431086431,410,5,0,0,5,1484.8548353492847,0.6300929895989758,1.2151952042331713,1,stealth_velocity_attack,1.098769146567065
20258,176.65214700642724,1070,4,0,0,5,2308.069406825013,0.564484276796559,0.852211480602083,1,stealth_velocity_attack,0.20405428717366045
20259,2531.9815792934564,1468,11,0,0,5,162.75270887898947,0.48739405359092586,1.0347632492004595,1,stealth_velocity_attack,1.4715133926137285
20260,3149.481996624506,1633,10,0,0,5,2695.1026742819417,0.23211820345410722,1.4391374570737674,1,stealth_velocity_attack,0.6627149826743259
20261,2532.1946112860583,213,3,0,0,5,2561.698174125689,0.6849516125887389,0.7666608175412906,1,stealth_velocity_attack,1.7140166670968995
20262,2536.053697826071,1691,9,0,0,5,2236.3639135224244,0.6589936647371186,1.1258284299875259,1,stealth_velocity_attack,0.601663979369734
20263,151.51480025410208,683,0,0,0,5,1323.1405594659902,0.29792548570766164,0.9196120381220703,1,stealth_velocity_attack,1.5428415406724731
20264,1879.3496922713648,978,12,0,0,5,1905.9893618197088,0.2479276471391481,0.920201310425369,1,stealth_velocity_attack,0.62595826066651
20265,2648.785092819539,668,1,0,0,5,1747.8056214053142,0.25438973465977205,0.7485346721505803,1,stealth_velocity_attack,1.3792342195372724
20266,3149.826843673384,954,3,0,0,5,752.3502464893317,0.6248931507343418,0.7579347402862409,1,stealth_velocity_attack,0.31004004857484085
20267,118.76842345158062,940,17,0,0,5,292.9349397938687,0.3591926885373258,0.8352831548608681,1,stealth_velocity_attack,1.875963637612323
20268,1538.6000368960174,1015,15,0,0,5,138.9393117154102,0.5123908217032531,1.0587877148070741,1,stealth_velocity_attack,1.2954977937938121
20269,1371.1748238133332,539,1,0,0,5,1040.3460821534522,0.22369295500461744,0.8115495745403782,1,stealth_velocity_attack,1.118039051278053
20270,4131.021595554093,1322,9,0,0,5,1665.8257364925742,0.24133816433261873,1.1661914686500252,1,stealth_velocity_attack,1.5665793656324645
20271,1114.2328847005858,1889,11,0,0,5,494.6761729311293,0.3262141100651167,1.0296377235241456,1,stealth_velocity_attack,0.2782934328644596
20272,3161.883088074295,1750,5,0,0,5,1226.4383821586928,0.5774790443001565,0.7130933565096829,1,stealth_velocity_attack,1.3447742446097184
20273,4735.030755757224,1398,16,0,0,5,394.6903339063719,0.6710803053548116,1.0507340005108592,1,stealth_velocity_attack,1.1367156096651267
20274,2733.1580331748896,1321,21,0,0,5,1525.0155504072384,0.20355486996627647,1.1536693883179792,1,stealth_velocity_attack,1.8994162886151023
20275,3638.123714598548,954,22,0,0,5,651.784527630063,0.3286488488438073,1.2411422086281232,1,stealth_velocity_attack,0.8357973007372155
20276,438.3249409415386,572,5,0,0,5,1523.1047947336704,0.656296775894651,1.143848086577821,1,stealth_velocity_attack,0.998465536995768
20277,1643.100378485589,162,0,0,0,5,2302.866847251583,0.5664671236102548,0.7638102250402298,1,stealth_velocity_attack,1.3424959245776094
20278,2789.4767275587387,90,6,0,0,5,1448.595168148898,0.571682024842822,1.196816229866029,1,stealth_velocity_attack,1.0516435404842492
20279,405.2298108373072,879,3,0,0,5,198.3307659187235,0.6476635798096453,1.062203312362047,1,stealth_velocity_attack,1.72086105723609
20280,1760.9526382468248,662,10,0,0,5,1032.5212069078011,0.5887040886948458,1.4998521082363376,1,stealth_velocity_attack,1.498937570516255
20281,1826.3135326249733,1387,14,0,0,5,312.271316282553,0.4150954017869013,1.3322264204055847,1,stealth_velocity_attack,1.6140335182959702
20282,697.2571391937589,1887,23,0,0,5,613.4967068609329,0.38964492290679853,0.9155370603323996,1,stealth_velocity_attack,0.5664658824055572
20283,386.8995532954981,182,18,0,0,5,176.67244246295252,0.3518805698732357,1.002748260421716,1,stealth_velocity_attack,1.383268672340505
20284,2481.4024196082546,206,22,0,0,5,1839.259289833193,0.6186126589549006,1.193794461218982,1,stealth_velocity_attack,0.6092878503451264
20285,3554.7004411326043,873,5,0,0,5,747.5050557016061,0.41600542659447437,1.3138379551991415,1,stealth_velocity_attack,1.8182416305055882
20286,878.6500215798325,1273,17,0,0,5,622.7589353658336,0.6965229892109936,1.2575687954453538,1,stealth_velocity_attack,1.0752334976167892
20287,4334.72995108163,1275,6,0,0,5,593.287332425869,0.6194469664354593,1.370621570271132,1,stealth_velocity_attack,1.8061292078161186
20288,484.6983554226883,338,2,0,0,5,1698.9456581575012,0.4201429930314379,1.4973291536723397,1,stealth_velocity_attack,1.3756064727700272
20289,3304.713080527926,40,1,0,0,5,1998.1425001904424,0.5472295130315836,0.7355139557376301,1,stealth_velocity_attack,1.4248125058683245
20290,4988.59408999683,761,5,0,0,5,2818.5667283615358,0.5908418420139205,1.416779066705702,1,stealth_velocity_attack,1.3002643985406717
20291,3249.730045794204,396,18,0,0,5,2819.666129793832,0.33588465364033526,0.8648935385925808,1,stealth_velocity_attack,1.9245721919334589
20292,1150.5917666665064,628,10,0,0,5,1417.8882292279077,0.4132697042789213,1.289363998739812,1,stealth_velocity_attack,1.8407832251521397
20293,2760.1028485679453,987,20,0,0,5,1801.123845689246,0.6859537194303358,1.131831818107412,1,stealth_velocity_attack,1.9328723756915729
20294,3257.673531186101,231,5,0,0,5,514.7770056317253,0.44651626086125507,1.1078662978111375,1,stealth_velocity_attack,0.3678138192086384
20295,4620.60478403842,496,20,0,0,5,651.9431466272263,0.26996844276740617,1.4701162373850483,1,stealth_velocity_attack,1.195644819663264
20296,2486.7044671855324,1032,11,0,0,5,2468.423143211573,0.3684583145221856,1.293480548967286,1,stealth_velocity_attack,0.3436358222056713
20297,2334.742922663476,1509,20,0,0,5,1251.9153983683882,0.30613967085145233,1.278411807154924,1,stealth_velocity_attack,1.7117444583309662
20298,858.7291399391142,1106,15,0,0,5,1793.7691120111604,0.6843498391463068,1.207008530919723,1,stealth_velocity_attack,0.8567572353325792
20299,350.56336906629355,692,12,0,0,5,2446.8193469561165,0.5519713499196712,0.9272700298665479,1,stealth_velocity_attack,1.9457381394849103
20300,3077.9881471686977,69,23,0,0,5,1826.9644415956557,0.6650531951403026,1.3036055747145907,1,stealth_velocity_attack,0.21015445056915996
20301,3645.5454321559055,210,3,0,0,5,643.1157939221487,0.6125818611974858,1.0198192303429052,1,stealth_velocity_attack,1.2280630782314774
20302,4725.80625974445,840,10,0,0,5,2068.0587831784005,0.6770671130600996,1.343209730507349,1,stealth_velocity_attack,0.5223057180229219
20303,1658.217027362133,748,22,0,0,5,1226.3618181576353,0.6648664557002271,0.8472414552415802,1,stealth_velocity_attack,1.6634963387270436
20304,465.10126291133633,671,3,0,0,5,123.8653530973261,0.31572235384867425,0.9707351337111967,1,stealth_velocity_attack,0.9382585744109362
20305,1097.3240601608436,1456,21,0,0,5,2247.729690811992,0.6877954793365373,1.0788989254293124,1,stealth_velocity_attack,1.6630233487887103
20306,2686.279330648542,1895,12,0,0,5,2666.495480864972,0.2764239292725112,1.2758301138205386,1,stealth_velocity_attack,0.8170296635216081
20307,4530.156936349576,480,21,0,0,5,687.817719886459,0.43031642683892624,1.0744878938670832,1,stealth_velocity_attack,1.290289279330501
20308,1752.2899723278686,1114,17,0,0,5,1607.7099756714754,0.5422478011495331,1.141221006502591,1,stealth_velocity_attack,1.8762831971219396
20309,531.820190552733,341,17,0,0,5,1277.9465088990462,0.2447123572815379,1.066531483544509,1,stealth_velocity_attack,1.9475218936692393
20310,4306.222484030758,1013,7,0,0,5,1230.5981294779954,0.5766172672902495,0.8359888747256136,1,stealth_velocity_attack,1.5697251653326016
20311,4745.461081079163,39,3,0,0,5,1463.3299491294702,0.30917037103321265,1.0490602122554233,1,stealth_velocity_attack,1.3822033061607424
20312,3776.302243300327,1855,21,0,0,5,2850.764567135612,0.4795207481981397,1.2116510588084455,1,stealth_velocity_attack,1.5674018745670342
20313,1710.8828904087902,367,1,0,0,5,1311.9920114830231,0.5954511411318265,1.308851915013137,1,stealth_velocity_attack,1.648643713915472
20314,2811.518829773882,857,0,0,0,5,400.5522030151069,0.6731100823842127,0.7990250990549173,1,stealth_velocity_attack,1.9785165990756395
20315,663.5535904576793,1597,14,0,0,5,2695.678514544521,0.5417380173908997,1.1985736814908559,1,stealth_velocity_attack,0.6992602588873835
20316,1627.8990521177718,201,3,0,0,5,2695.9795887505493,0.2823759965916537,1.1879960042821542,1,stealth_velocity_attack,0.3152304938823745
20317,1879.9512232114705,683,17,0,0,5,549.6637800719072,0.4127275237859285,1.2577748892156708,1,stealth_velocity_attack,1.7615546521317573
20318,290.79628176956146,1076,18,0,0,5,1332.08414254171,0.3614248794843403,1.1434186536067483,1,stealth_velocity_attack,0.9784303568104451
20319,1869.9586889814775,615,9,0,0,5,484.2168177368832,0.5903071742664932,0.7896249933073933,1,stealth_velocity_attack,1.617715718379334
20320,3806.610331145668,428,14,0,0,5,977.7195810127516,0.4014176629179572,1.3867325318496861,1,stealth_velocity_attack,1.4997679412621496
20321,3226.88552232972,1816,1,0,0,5,1484.8496479997873,0.5067670400130133,0.772901329677967,1,stealth_velocity_attack,0.6050908590935091
20322,117.91592558878143,651,1,0,0,5,2751.8241615723937,0.3129440185605384,1.2657204887730837,1,stealth_velocity_attack,0.8347976454961199
20323,3689.6032763302255,1798,4,0,0,5,405.3155063502897,0.6647693411293699,1.4579492558141083,1,stealth_velocity_attack,1.4113943676955847
20324,4831.70055635542,1988,20,0,0,5,263.1351850991932,0.2589790379314399,1.0896513329515218,1,stealth_velocity_attack,1.7565090215289991
20325,345.85921656787264,926,21,0,0,5,2127.0791516053278,0.342051362765471,1.258789993420035,1,stealth_velocity_attack,1.4019751580508044
20326,3005.405680724345,1101,18,0,0,5,2560.211999429041,0.44638654670093625,0.8059975996759623,1,stealth_velocity_attack,1.2687074023192302
20327,573.8033429590789,1388,13,0,0,5,620.5709912637014,0.6221148847124305,1.476033231021122,1,stealth_velocity_attack,1.9282608837817514
20328,4963.32163879366,221,7,0,0,5,169.28924086465645,0.25287600155930295,0.7048264355541831,1,stealth_velocity_attack,1.6001567790791906
20329,1857.0344614718783,1803,19,0,0,5,2426.606144955676,0.6363148120494513,0.9334327671282989,1,stealth_velocity_attack,1.0695665649273165
20330,3958.009357207565,1424,17,0,0,5,104.52531807649956,0.3454589978944165,0.8561110474536373,1,stealth_velocity_attack,1.9676538590803274
20331,3024.862383678615,1529,22,0,0,5,2050.613488522175,0.24112267861894476,0.999143930690168,1,stealth_velocity_attack,1.5591580103899332
20332,2573.498431692188,1610,12,0,0,5,259.27246274988363,0.6462593999206498,0.9135054718951787,1,stealth_velocity_attack,1.2548874260621306
20333,2045.373702062239,1314,5,0,0,5,1230.546678838668,0.5224041545866884,1.243987176780738,1,stealth_velocity_attack,1.5606395357805682
20334,2094.821796715575,800,15,0,0,5,258.031002040969,0.6089918770121625,1.175917634892246,1,stealth_velocity_attack,1.5637388819760933
20335,4850.252940811804,1322,21,0,0,5,959.2969829680904,0.22393343319706177,1.457354870098533,1,stealth_velocity_attack,1.8405313169412552
20336,1453.2308333224073,652,15,0,0,5,1136.7131105137785,0.49822407654415934,1.3751356613678978,1,stealth_velocity_attack,0.8758506926002296
20337,3762.8511200578737,1957,1,0,0,5,297.5743454034882,0.4701860983619937,1.001924563233325,1,stealth_velocity_attack,0.9406529531972421
20338,2755.314642153955,1699,2,0,0,5,1339.9455116378233,0.6865163920289229,1.3755089135872505,1,stealth_velocity_attack,1.4755919674464262
20339,672.0647235670981,1797,15,0,0,5,1771.3920037106243,0.2467759209493492,1.3028357846706093,1,stealth_velocity_attack,0.7192115278452977
20340,4933.428690566156,206,14,0,0,5,2155.9854379217622,0.24530712267909904,1.3120943465416843,1,stealth_velocity_attack,0.949387648338756
20341,3845.426044886506,1574,21,0,0,5,769.7912704472395,0.5568762593357361,0.939015655055751,1,stealth_velocity_attack,0.9343339733580185
20342,2828.409965363707,1473,11,0,0,5,1561.089678455533,0.24835905760995547,1.4530033890269176,1,stealth_velocity_attack,1.846987283712985
20343,927.2846725975934,1555,7,0,0,5,1221.2651880403632,0.5063868642483859,1.2327253710367936,1,stealth_velocity_attack,0.802415741272227
20344,1633.3057853412308,577,1,0,0,5,2453.147255783931,0.39446894633947915,0.8598038317523625,1,stealth_velocity_attack,0.34661891209623186
20345,499.717135495693,1670,0,0,0,5,1471.52524698176,0.5257997800348209,0.9768503268967814,1,stealth_velocity_attack,1.9587567604044667
20346,1176.2111501133882,49,4,0,0,5,1924.7269113854045,0.24136021899928478,1.0757707600084925,1,stealth_velocity_attack,0.9479024229610844
20347,4516.17011820316,460,15,0,0,5,2654.3914090259627,0.44760341393057246,1.200453938171445,1,stealth_velocity_attack,0.9596625123800944
20348,3396.546610621087,536,15,0,0,5,146.23978757841928,0.21474278155412901,1.0713712275475937,1,stealth_velocity_attack,1.41189801591216
20349,2763.337264978966,556,8,0,0,5,2276.359359055378,0.6329271214534441,1.2672798073070148,1,stealth_velocity_attack,0.53920537887447
20350,2639.2697466160444,856,0,0,0,5,2210.467710211736,0.6393634877747696,0.8952382177161233,1,stealth_velocity_attack,1.6070964621993502
20351,2596.1684279339697,1840,15,0,0,5,2662.4721065699823,0.3461189345862907,0.7587170974739474,1,stealth_velocity_attack,1.3274948821919583
20352,1490.50193841375,1217,3,0,0,5,720.6877483764201,0.4003571862005507,1.2189610040423662,1,stealth_velocity_attack,1.1060568683699852
20353,1838.9986490841147,1224,6,0,0,5,2608.648104518927,0.30762025741404597,0.8950547918902388,1,stealth_velocity_attack,0.9852970854328831
20354,2413.128031038996,502,23,0,0,5,2949.831273888319,0.388801903069242,1.2820546855817918,1,stealth_velocity_attack,0.9115741029168534
20355,2470.604793255702,138,10,0,0,5,2082.711793827184,0.683102319864488,1.1750561603612848,1,stealth_velocity_attack,0.729035584852203
20356,3427.601363807999,1396,17,0,0,5,623.5082635634226,0.6631932708243695,0.9404081026101133,1,stealth_velocity_attack,0.27614265109224817
20357,4399.558226888864,572,5,0,0,5,363.7090959550045,0.3108845910349067,0.8619368220202759,1,stealth_velocity_attack,1.5514023482344703
20358,3925.8488684908334,750,3,0,0,5,2609.6043374639603,0.26860916652531563,0.774266019168616,1,stealth_velocity_attack,0.44123834439054677
20359,3990.282153914072,726,10,0,0,5,749.3933121534587,0.2639570029253873,0.9938439957351226,1,stealth_velocity_attack,1.617504133709686
20360,4556.974805763509,491,9,0,0,5,954.5493940174722,0.2391410221454197,0.9680216919154874,1,stealth_velocity_attack,0.8127939097383352
20361,2113.000338280396,924,19,0,0,5,671.1927113335495,0.3240262892810715,1.2187397515117868,1,stealth_velocity_attack,1.7862402453593496
20362,2012.168892961576,1466,22,0,0,5,1892.4821328209407,0.5452933993596649,1.28784345814835,1,stealth_velocity_attack,1.5161891075609373
20363,890.6777251713801,286,10,0,0,5,1092.537478178573,0.23157845735914523,1.4719929853948936,1,stealth_velocity_attack,1.724393712656788
20364,652.9186681327336,127,13,0,0,5,1001.1832279779512,0.24232867653973306,0.8712366535089315,1,stealth_velocity_attack,0.44110687094754986
20365,3014.752159559357,636,6,0,0,5,961.1950712576136,0.5919699838238294,1.3937858215762315,1,stealth_velocity_attack,1.5498725487196308
20366,2838.320267677866,213,21,0,0,5,1317.132834448924,0.4018230210555861,1.4931173719455157,1,stealth_velocity_attack,1.4542972629604864
20367,1592.6074689495165,50,6,0,0,5,2822.5109713327206,0.6164208330714531,0.7088220063401495,1,stealth_velocity_attack,1.2671812008280392
20368,1251.3696844801686,398,0,0,0,5,1512.1433922392057,0.4104282514982096,0.9000207886714842,1,stealth_velocity_attack,1.0476406845950759
20369,548.7521593005074,953,20,0,0,5,492.505611959888,0.6438940728240778,1.1119104826616737,1,stealth_velocity_attack,0.7153857126886372
20370,298.8699894600059,252,18,0,0,5,2365.647337694791,0.6550328778564118,0.9192336482534892,1,stealth_velocity_attack,0.6999083870624238
20371,374.03911562830575,1427,19,0,0,5,417.6866354060635,0.35352471231402227,0.7798831986898932,1,stealth_velocity_attack,0.5081404316763449
20372,4687.158393387826,70,13,0,0,5,935.6677368264368,0.2574496852803823,0.9269239699469715,1,stealth_velocity_attack,1.2362627582019405
20373,2108.533959511812,180,23,0,0,5,2575.298577835592,0.5826519454185176,1.0767458675160841,1,stealth_velocity_attack,1.814084882123998
20374,508.55736346692174,294,4,0,0,5,2162.8630488446474,0.5293691384914672,1.0607833082424687,1,stealth_velocity_attack,1.149473583697831
20375,3216.1780651022696,1649,9,0,0,5,1240.8466023599883,0.5748030487730419,1.3710161494430406,1,stealth_velocity_attack,0.5397062079998473
20376,4114.025411191272,1919,8,0,0,5,535.6171465838592,0.3982624999544341,0.9185241561078827,1,stealth_velocity_attack,0.3217269916305552
20377,1583.598128532639,1561,14,0,0,5,592.9152173483229,0.43421451697692015,1.2933627354190471,1,stealth_velocity_attack,1.1343114693515388
20378,260.84494421427667,875,21,0,0,5,750.5752113846835,0.44778684583092965,0.8141284903343025,1,stealth_velocity_attack,1.0356591079498867
20379,2490.388160865661,1693,4,0,0,5,252.37115911015607,0.36996464094328263,1.2734948369150434,1,stealth_velocity_attack,1.99872211264328
20380,4008.039593122222,804,23,0,0,5,1529.866179883065,0.2894501680727786,1.0201675126802197,1,stealth_velocity_attack,1.1406709174645733
20381,3665.138678461226,676,22,0,0,5,601.4842019667686,0.4166941455276354,1.1336166577632214,1,stealth_velocity_attack,1.2974334618157854
20382,3287.971963935307,70,21,0,0,5,2176.523686415753,0.2586969426938437,0.9522896087932512,1,stealth_velocity_attack,1.6996813990579722
20383,2307.854214798975,225,6,0,0,5,2803.763921667,0.548861279657174,1.0889021432286958,1,stealth_velocity_attack,1.921405322947946
20384,4080.826922357112,1874,23,0,0,5,2294.1245106268348,0.3082000477805558,0.9196278694628987,1,stealth_velocity_attack,0.24345429539690605
20385,4703.886086223312,1355,23,0,0,5,852.1476590147889,0.3700362865160445,1.1555985759957703,1,stealth_velocity_attack,1.2378703004616518
20386,4164.03385780835,655,17,0,0,5,894.568172082773,0.6167558733136105,0.9578806609702759,1,stealth_velocity_attack,1.1706628726243706
20387,2326.965391481248,144,23,0,0,5,934.1379478083028,0.5330514834178476,1.3359004092350744,1,stealth_velocity_attack,1.4699865100095273
20388,1138.7708680234246,30,6,0,0,5,1376.2078760340064,0.2799398362676636,1.20265415392327,1,stealth_velocity_attack,0.8461978093771823
20389,1246.7380590036855,788,0,0,0,5,388.1375018672791,0.24986045752915692,0.8327907082423646,1,stealth_velocity_attack,0.303051274258778
20390,4444.289021227837,1509,19,0,0,5,1211.119849904603,0.33061043371044085,0.9988249634796686,1,stealth_velocity_attack,1.628647870193529
20391,134.06543960283443,298,10,0,0,5,2683.808164791724,0.35191097749649214,0.8689453831562894,1,stealth_velocity_attack,1.3152293753614366
20392,2115.389463124533,843,16,0,0,5,1045.2179164909376,0.37612968336653874,1.4685385907604087,1,stealth_velocity_attack,1.5397481571598883
20393,3222.2872363605743,126,18,0,0,5,2795.2710939816307,0.4802344634053554,0.9427112927379169,1,stealth_velocity_attack,1.7998567497289186
20394,4009.231623822178,1738,8,0,0,5,1131.229661607204,0.2886865506745879,1.3733755819113873,1,stealth_velocity_attack,0.2655804760168102
20395,871.120758414561,781,21,0,0,5,2744.5921621507314,0.41758106924961313,1.044805497720604,1,stealth_velocity_attack,1.8709733393780068
20396,2928.278757470551,1553,3,0,0,5,2639.8402676688893,0.49948857928298124,1.4381605191784805,1,stealth_velocity_attack,1.827224728602868
20397,3040.100685784588,748,5,0,0,5,2382.348589365909,0.20847140084781174,0.8514331629787844,1,stealth_velocity_attack,0.286699302199128
20398,2192.8147222656817,1789,12,0,0,5,1700.2956584453989,0.28279131553612014,1.2282070242596217,1,stealth_velocity_attack,0.9546812488434384
20399,4845.253739451999,1365,16,0,0,5,2019.1176404939397,0.6762564112435667,0.8959117714968747,1,stealth_velocity_attack,1.6011051653097714
20400,486.80307443812217,667,15,0,0,5,172.4704188351893,0.49136212979714206,0.8375490482889325,1,stealth_velocity_attack,1.7557858883179311
20401,400.613172842274,1559,22,0,0,5,1764.5487544380255,0.6072923353530859,1.0561170880529587,1,stealth_velocity_attack,0.5750676899884715
20402,4939.482862306683,1270,9,0,0,5,2478.125957719735,0.4465694741237455,1.4744250266190622,1,stealth_velocity_attack,0.8111835117374198
20403,1009.077278762824,556,18,0,0,5,1338.600841019237,0.6259003142270894,1.4601174848874277,1,stealth_velocity_attack,1.721562145308282
20404,1738.76838287871,256,11,0,0,5,498.1900969339127,0.6726735258639045,1.2978880438301896,1,stealth_velocity_attack,0.5943377744326821
20405,727.424610893085,554,18,0,0,5,568.4204338977545,0.30737701680857793,1.1802121459900508,1,stealth_velocity_attack,1.464022599418999
20406,292.3399600478996,444,2,0,0,5,1795.575221189941,0.2790269637356476,0.7788065760107274,1,stealth_velocity_attack,0.9813712924532452
20407,2952.509533792236,763,23,0,0,5,249.75056116966184,0.3338746601758812,0.7437569702716034,1,stealth_velocity_attack,0.8302602549781306
20408,4582.691254984703,1143,10,0,0,5,1857.7616714596315,0.5638386602085037,1.456616332530524,1,stealth_velocity_attack,0.8123782936867503
20409,2138.746285002562,1528,20,0,0,5,1578.7088265012285,0.3452658128646341,1.383406233471154,1,stealth_velocity_attack,1.2941871831625522
20410,453.84460814242095,1703,20,0,0,5,759.3573320048833,0.4623325771272055,1.252801831836361,1,stealth_velocity_attack,0.5844032605824347
20411,1635.510091508754,1939,14,0,0,5,1528.2895325688062,0.47322627511266324,0.8192814302753537,1,stealth_velocity_attack,0.761745507663524
20412,4581.288452857939,445,5,0,0,5,2089.557720744072,0.6590094686411612,1.1383901015345619,1,stealth_velocity_attack,1.9828328553811194
20413,4932.266306690104,1924,15,0,0,5,859.4377151603959,0.6933977126834109,1.2462432693303014,1,stealth_velocity_attack,1.069077402466442
20414,4348.594893656842,1667,0,0,0,5,1661.4327668364542,0.41832345348557864,1.0982820050650446,1,stealth_velocity_attack,1.841420851709473
20415,2777.508548781452,1236,6,0,0,5,2557.464230708749,0.5119561314137533,1.2253800071014371,1,stealth_velocity_attack,1.8288777497628521
20416,433.2501365668605,1590,13,0,0,5,2423.9900620654043,0.5837343511212489,1.3119042451525023,1,stealth_velocity_attack,0.5096805764536231
20417,840.1836697264112,1762,9,0,0,5,1715.5740816842238,0.6601300746429496,1.3225645610879901,1,stealth_velocity_attack,0.4716334876535683
20418,3688.7651403860577,1030,0,0,0,5,1298.5990546635492,0.6231231527803902,1.1703418697004624,1,stealth_velocity_attack,0.5978113944727108
20419,2269.008756476122,1116,22,0,0,5,1670.131795476214,0.3585979407456985,1.1406689964468173,1,stealth_velocity_attack,0.782732536857855
20420,1446.054660755004,1294,16,0,0,5,2661.036642357445,0.20439187973590395,1.4592662481346952,1,stealth_velocity_attack,1.8240567361393003
20421,161.77684788121928,1997,15,0,0,5,1914.301849124256,0.6924524708006595,0.8928697226723316,1,stealth_velocity_attack,1.5245286828009712
20422,1747.9846319246344,1352,21,0,0,5,1148.5920675022662,0.6185690477019341,1.422877670764505,1,stealth_velocity_attack,0.4772502912675541
20423,4347.590543832624,1349,18,0,0,5,272.82822586935936,0.5578107558235983,1.4214291376170856,1,stealth_velocity_attack,0.9894038142507426
20424,2261.8854008433686,1174,10,0,0,5,261.0722026418119,0.22088585920723158,1.0892985532356354,1,stealth_velocity_attack,0.26344524875156816
20425,3424.73364047363,1588,12,0,0,5,171.409056090302,0.5495991220812468,1.4946674260865302,1,stealth_velocity_attack,1.1874993499147766
20426,1638.436915149029,1364,22,0,0,5,1876.523106529584,0.20273238315838416,0.8044427305686814,1,stealth_velocity_attack,0.5487251898877701
20427,2114.8333317605066,683,1,0,0,5,867.8281463383667,0.6167177804723795,1.2873883957757626,1,stealth_velocity_attack,0.2771636709282715
20428,4300.178359293889,1553,3,0,0,5,1725.0912244253998,0.3699203705470595,0.8598014122841633,1,stealth_velocity_attack,1.2841650872273218
20429,2588.6973384165663,168,4,0,0,5,1399.808746067649,0.3210707562590913,1.4375267873527109,1,stealth_velocity_attack,0.5792183200197293
20430,2855.254397801758,893,2,0,0,5,1266.7541777602296,0.40787121599019927,0.912574241429848,1,stealth_velocity_attack,0.790891040157164
20431,2355.7555288894387,157,4,0,0,5,2695.637882810636,0.3640777196398729,1.4882185615119221,1,stealth_velocity_attack,1.4382830534399063
20432,145.33735993592154,1196,16,0,0,5,344.0222173260244,0.34529014315243833,1.1064282042484688,1,stealth_velocity_attack,0.49431428493343255
20433,2375.316224422494,71,2,0,0,5,2920.8716206825784,0.2690363695347434,0.9276874904879899,1,stealth_velocity_attack,1.6591375269863042
20434,772.0275919484415,1187,21,0,0,5,1524.930135901929,0.5775799323742368,0.7769878617144479,1,stealth_velocity_attack,1.518075329195305
20435,4049.4808725550383,1821,21,0,0,5,2341.137309010243,0.5527829801312134,0.8948906801854521,1,stealth_velocity_attack,1.8584913369181566
20436,4740.744268831743,215,9,0,0,5,1993.1763405511424,0.36527790447052366,1.1900976390595543,1,stealth_velocity_attack,0.25417188148964504
20437,1401.4402086846596,1214,12,0,0,5,250.811008377074,0.5375953990357062,0.9553801047523389,1,stealth_velocity_attack,1.0973124192614319
20438,4074.506472674008,1689,8,0,0,5,1970.2232193321595,0.6087988194260437,1.1678522869868548,1,stealth_velocity_attack,0.21983738085432214
20439,1075.8687982256283,1712,9,0,0,5,1221.4787713721832,0.33027632958669473,0.9679107073713793,1,stealth_velocity_attack,1.3269036020465057
20440,145.06555292148528,1158,5,0,0,5,724.4487197060627,0.513573069589246,0.8556537995771745,1,stealth_velocity_attack,0.5032738940591834
20441,2636.430784878229,981,3,0,0,5,1995.892364126404,0.4133818023961282,1.065129474653058,1,stealth_velocity_attack,1.65177048856783
20442,3687.874110929889,608,5,0,0,5,2448.8490204384198,0.35932673735949416,0.7474783214027552,1,stealth_velocity_attack,0.35251769018093915
20443,654.18872317673,1292,21,0,0,5,2831.9318930830964,0.2518771899786879,1.413466968277489,1,stealth_velocity_attack,1.945603836555166
20444,431.26327241467743,267,14,0,0,5,1408.3913760734129,0.4582066934749415,0.9028154308520481,1,stealth_velocity_attack,1.9298987435152837
20445,2565.780032807309,1972,14,0,0,5,2825.8755001860463,0.6442353516891266,1.2585972894499629,1,stealth_velocity_attack,1.453473056569495
20446,510.6403795657978,244,23,0,0,5,904.0969151583672,0.26779032837540556,0.8138346345662058,1,stealth_velocity_attack,0.6711633276284603
20447,2638.5797403976894,759,10,0,0,5,2489.100163806704,0.4621985787817876,1.4183006462829315,1,stealth_velocity_attack,0.5443864836131302
20448,3131.067230453365,695,8,0,0,5,1917.460820668379,0.3723011633283684,0.9113989983492911,1,stealth_velocity_attack,1.5051695568996242
20449,4449.750495515669,1850,9,0,0,5,1558.7456919575625,0.5983125610809109,0.9234734874252544,1,stealth_velocity_attack,1.9295238623387316
20450,3420.84388188647,1038,21,0,0,5,1529.5539038471811,0.6096942451351713,1.1584983667133661,1,stealth_velocity_attack,0.6471137848945963
20451,1746.136151556776,89,16,0,0,5,123.26467001383848,0.4956531055964604,0.7215479722214893,1,stealth_velocity_attack,1.350175708377009
20452,4382.061380056325,1307,3,0,0,5,549.4189103379098,0.25578936577301925,0.850612507552829,1,stealth_velocity_attack,1.537937986412129
20453,2228.576263132388,1755,21,0,0,5,588.5004283132841,0.2921229591738917,1.1826129548856943,1,stealth_velocity_attack,0.518413162510533
20454,1753.0594839506705,1350,12,0,0,5,515.8735336377586,0.3632074590851406,1.4997036131030375,1,stealth_velocity_attack,1.8433779965645267
20455,3306.033506392313,1771,20,0,0,5,1305.147212840737,0.4499559291654426,1.4334090708871556,1,stealth_velocity_attack,0.8184515640639107
20456,1283.3805115947002,1024,1,0,0,5,2634.820768501199,0.2882317679318817,1.3169490625594622,1,stealth_velocity_attack,1.899140546070954
20457,2351.858589777057,1195,3,0,0,5,2755.5675408177813,0.3932884649296271,1.3765493422621335,1,stealth_velocity_attack,1.5494083916723027
20458,4585.892658181405,1091,8,0,0,5,554.091721116082,0.37409609406348343,1.3383316643995096,1,stealth_velocity_attack,1.9305105847725277
20459,924.1979132559392,1958,12,0,0,5,428.8141133836433,0.6208141069511222,1.4049923858551316,1,stealth_velocity_attack,1.0865184708400144
20460,3621.626403266701,687,17,0,0,5,2798.670118670533,0.5202416845312778,0.8666789537055252,1,stealth_velocity_attack,0.35665882068569194
20461,2794.3559576034054,239,2,0,0,5,274.68554355486265,0.4623073439411717,0.9277296418928335,1,stealth_velocity_attack,1.4567499081188753
20462,2889.9490697931856,730,16,0,0,5,1592.3940047606998,0.6966110969441889,1.2610375584135107,1,stealth_velocity_attack,1.3531956919263062
20463,4784.002119814017,1396,4,0,0,5,2771.7613606031773,0.29649435186660555,1.0396175499930735,1,stealth_velocity_attack,0.5943670710746033
20464,3542.078355666109,799,3,0,0,5,1985.060326818776,0.6798930325447092,0.8514630297427721,1,stealth_velocity_attack,0.39401863685777083
20465,4297.202744548345,330,21,0,0,5,1125.5165923072648,0.32442739750733357,1.429866785474323,1,stealth_velocity_attack,1.898537218778268
20466,159.30527220292635,146,7,0,0,5,1116.7272063219566,0.5878719177396547,1.1224842290257047,1,stealth_velocity_attack,1.1665219247229544
20467,1679.5338403761425,1689,14,0,0,5,1174.6735341488372,0.30509621321883035,1.13657002879392,1,stealth_velocity_attack,0.6739580939144639
20468,3829.017555620695,1907,19,0,0,5,1708.4237133559336,0.4979314720176184,1.0407741928619179,1,stealth_velocity_attack,1.1969471027323129
20469,1522.3900188423256,1581,3,0,0,5,2149.41787716298,0.5667723459623331,1.3855599122246902,1,stealth_velocity_attack,0.4946926905724034
20470,2813.26833385197,530,15,0,0,5,166.38742841913682,0.20846822135203946,1.1914709124261627,1,stealth_velocity_attack,0.7839345426051778
20471,641.9576344784881,1683,5,0,0,5,2885.365780858965,0.24899741154386623,0.8819957228816554,1,stealth_velocity_attack,1.07446870529578
20472,3370.02069894694,1512,6,0,0,5,242.99961740552837,0.6565219867419181,1.4507833429833337,1,stealth_velocity_attack,1.6275406212245993
20473,1365.4953536471012,1677,5,0,0,5,2988.7874323985016,0.5079217054060341,1.122561159452387,1,stealth_velocity_attack,1.4070241365142848
20474,1869.2661590710825,1326,1,0,0,5,857.7396572842479,0.3787299727967849,0.8965725351006375,1,stealth_velocity_attack,1.8376388956952858
20475,4245.015054420887,262,10,0,0,5,832.5110844646612,0.5266151024109991,1.2677391291722175,1,stealth_velocity_attack,1.5305892303730744
20476,1929.943931150256,636,4,0,0,5,2481.6292215047465,0.6802661158943879,1.2504752803045174,1,stealth_velocity_attack,0.462292861999434
20477,885.5142936262873,1073,17,0,0,5,1095.8815769774635,0.46481349941300615,0.8079234700396162,1,stealth_velocity_attack,1.213967768496024
20478,3009.1583364620296,898,17,0,0,5,2768.964728104258,0.2251473281751507,0.7738802540014421,1,stealth_velocity_attack,0.7158811185094771
20479,4734.296113341458,266,20,0,0,5,483.1604997738206,0.31059728639377676,1.15128235186137,1,stealth_velocity_attack,0.23567332569814775
20480,4735.770528537274,457,4,0,0,5,1071.7789027642548,0.6795519429269339,1.3589171128147828,1,stealth_velocity_attack,0.6435132608988259
20481,3393.091563042504,1638,16,0,0,5,1251.996385885545,0.6874623798726732,1.4927145100081427,1,stealth_velocity_attack,1.9817167229598867
20482,3465.9443421940823,1911,8,0,0,5,1203.8623042821562,0.6667396748646666,1.4695963527474203,1,stealth_velocity_attack,0.20165029938800003
20483,2358.401857212252,250,19,0,0,5,2759.061614766533,0.681847654050733,1.3785458654510168,1,stealth_velocity_attack,1.671957544736404
20484,3954.94277219435,546,22,0,0,5,797.0941173457554,0.5536868714580263,1.4950588212160376,1,stealth_velocity_attack,1.7799469985913188
20485,4646.713086323933,1010,17,0,0,5,1349.1281139255325,0.2837806347916299,1.3981069318292934,1,stealth_velocity_attack,0.7085664009799355
20486,4056.4567603039054,101,17,0,0,5,2265.9451713362346,0.5270453189652136,1.3806595953694925,1,stealth_velocity_attack,1.9623511941747442
20487,4213.099384285432,654,23,0,0,5,581.4774798517535,0.32696239431076135,1.464640276867934,1,stealth_velocity_attack,0.9704916640811916
20488,4330.334882901943,1353,19,0,0,5,1775.5897360419683,0.4321530711113535,0.7835423477775122,1,stealth_velocity_attack,1.4933565996873257
20489,3718.4011253315,1712,10,0,0,5,2354.834226785714,0.4292790134229322,1.4685672299034744,1,stealth_velocity_attack,1.0689079027149309
20490,2927.561374396367,874,3,0,0,5,2983.02680096578,0.6315320495511076,1.2815652513955356,1,stealth_velocity_attack,1.4019874904090224
20491,2195.6897613639594,429,21,0,0,5,2428.125387280628,0.6270738723462894,1.4634725976974847,1,stealth_velocity_attack,0.8515232493760136
20492,232.77036326706911,1667,16,0,0,5,1354.2365783500884,0.6807414167952544,0.7295719477476906,1,stealth_velocity_attack,1.2062406787106685
20493,2925.841754403006,1208,23,0,0,5,101.14795450333747,0.42578449307539146,1.2494016279733642,1,stealth_velocity_attack,1.8610927928171497
20494,429.6946033154213,1469,9,0,0,5,1627.2917441349457,0.20280674202575222,1.0958407990244794,1,stealth_velocity_attack,0.983041789821018
20495,2829.533172341947,1476,5,0,0,5,1798.948157906363,0.6872312494812083,1.1504491448074292,1,stealth_velocity_attack,1.576092645340524
20496,332.8370103148409,687,23,0,0,5,2992.978516493652,0.4334757038850804,1.357448285072123,1,stealth_velocity_attack,1.7437221768755178
20497,855.3107115745868,1066,13,0,0,5,581.1144527058261,0.3561153336485231,0.7546857674228676,1,stealth_velocity_attack,1.0559749715669677
20498,1082.7668319815425,835,14,0,0,5,462.8550245855688,0.49810070324594863,1.0167695982026503,1,stealth_velocity_attack,1.2436647585344802
20499,1803.100468771012,1828,12,0,0,5,121.14768302642788,0.6349784265018712,0.8025342884599302,1,stealth_velocity_attack,1.1853163131791635
20500,2274.539538483445,1747,2,0,0,5,2294.638663534209,0.2371916596037923,1.0983535665841833,1,stealth_velocity_attack,1.973316341784209
